"source_chain","old_source_address","old_address_as_cosmos","old_balance_micro","old_balance_phmn","will_receive_new_phmn_on_this_old_address","distribution_status","handling_bucket","final_broadcast_recipient_or_bucket","reason_ru","destination_note_ru","reason_en","destination_note_en","tags","accounting_layer","accounting_note"
"juno","juno1pqardc39d558mr58nx5m2wgmy448pv94ehdea0","cosmos1pqardc39d558mr58nx5m2wgmy448pv9409wz6n","15100000000","15100.000000","no","excluded_incident","strategic_subdao_treasury","cosmos146s5j3t7gh2g37ywm47dp8avhesu2htvjjaxq7z55e7xj0rq0k8q5qnjjy","Адрес связан с incident/unauthorized PHMN mint или тем же raw key. Новый PHMN на этот старый адрес не отправляется по operator-confirmed правилам.","В broadcast сумма входит в Strategic SubDAO recipient cosmos146s5j3t7gh2g37ywm47dp8avhesu2htvjjaxq7z55e7xj0rq0k8q5qnjjy.","Excluded incident-related address. New PHMN will not be sent to this old address; amount is routed to Strategic SubDAO handling per operator-confirmed rules.","attacker_same_key: confirmed pqard attacker same raw key; minted/sold/moved unauthorized PHMN on 2026-06-10","attacker_same_key","juno_holder_non_escrow","Counted directly. Juno ICS20 escrow rows are excluded and replaced by destination voucher ownership."
"juno","juno100umj2mnu0u6ujf37c9a3xfy9gl53hu9ekxyyw","cosmos100umj2mnu0u6ujf37c9a3xfy9gl53hu90y9lrj","2032149313","2032.149313","no","excluded_incident","strategic_subdao_treasury","cosmos146s5j3t7gh2g37ywm47dp8avhesu2htvjjaxq7z55e7xj0rq0k8q5qnjjy","Адрес связан с incident/unauthorized PHMN mint или тем же raw key. Новый PHMN на этот старый адрес не отправляется по operator-confirmed правилам.","В broadcast сумма входит в Strategic SubDAO recipient cosmos146s5j3t7gh2g37ywm47dp8avhesu2htvjjaxq7z55e7xj0rq0k8q5qnjjy.","Excluded incident-related address. New PHMN will not be sent to this old address; amount is routed to Strategic SubDAO handling per operator-confirmed rules.","compromised_minter: old PHMN compromised minter address involved in unauthorized 30000 PHMN mint","compromised_minter","juno_holder_non_escrow","Counted directly. Juno ICS20 escrow rows are excluded and replaced by destination voucher ownership."
"juno","juno1eltl6qu6y538vhux3mk3pjpn7redx8najm4u3e","cosmos1eltl6qu6y538vhux3mk3pjpn7redx8nayfk8k9","300009116","300.009116","no","excluded_olim_operator_confirmed","strategic_subdao_treasury","cosmos146s5j3t7gh2g37ywm47dp8avhesu2htvjjaxq7z55e7xj0rq0k8q5qnjjy","Olim cluster/operator-confirmed exclusion. Новый PHMN на этот старый адрес не отправляется; сумма направляется в Strategic SubDAO handling.","В broadcast сумма входит в Strategic SubDAO recipient cosmos146s5j3t7gh2g37ywm47dp8avhesu2htvjjaxq7z55e7xj0rq0k8q5qnjjy.","Olim address cluster. Operator confirmed Olim addresses are excluded from the new PHMN drop; amount is routed to Strategic SubDAO treasury.","Eligible snapshot amount. Destination is the normalized Cosmos address unless a later published claim/distribution mechanism maps it differently.","","das_staking_active","Expanded from DAS staking contract juno1jktfdt5g2d0fguvy8r8pl4gly7wps8phkwy08z6upc4nazkumrwq7lj0vn; active staked PHMN attributed to user."
"osmosis","__OSMOSIS_DENOM_OWNER_GAP__","","57230100","57.230100","no","quarantined_unresolved_accounting_gap","strategic_subdao_unresolved_accounting_gap_handling","cosmos146s5j3t7gh2g37ywm47dp8avhesu2htvjjaxq7z55e7xj0rq0k8q5qnjjy","Неразрешённый Osmosis accounting/LP gap. Точных holder balances недостаточно, поэтому прямого broadcast на старый адрес нет.","В broadcast сумма входит в Strategic SubDAO recipient cosmos146s5j3t7gh2g37ywm47dp8avhesu2htvjjaxq7z55e7xj0rq0k8q5qnjjy; держится как unresolved Osmosis gap до получения точных данных.","Unresolved accounting gap, not safely mapped to a user address. New PHMN will not be sent to a user address; amount is routed to Strategic SubDAO handling per operator-confirmed rules.","Remaining unresolved Osmosis bank supply gap after published 2026-06-17 correction. Not mapped to a user address; held for investigation/DAO-controlled handling.","accounting_gap","osmosis_unresolved_bank_supply_gap","Original unresolved Osmosis gap was 361.054688 PHMN. The 2026-06-17 correction mapped 303.824588 PHMN to osmo1z0e05ptv5hpfh4lp54373t86zxquv3y5vkfm5p, leaving this remainder unresolved."
"neutron","neutron1prefwzgnqm0yp579027gt6hl0vlh3ywqt30weknvcgev4r7v0wqqrhl7ry","cosmos1prefwzgnqm0yp579027gt6hl0vlh3ywqt30weknvcgev4r7v0wqqzcw6a8","14652885449","14652.885449","no","rerouted_to_subdao","specific_subdao_treasury","cosmos1pu90e2gm2kq9lvheqzrh0tl9dw5aqg6v5gr9jug2eqdel0vzuxkqvg72nn","Старый treasury/SubDAO/core-team адрес. Новый PHMN не отправляется на старый адрес; сумма перенаправляется на новый treasury/handling адрес.","В broadcast сумма перенаправляется на specific SubDAO treasury cosmos1pu90e2gm2kq9lvheqzrh0tl9dw5aqg6v5gr9jug2eqdel0vzuxkqvg72nn.","Old treasury/SubDAO/core-team source address. New PHMN will not be sent to this old address; amount is rerouted to the listed new SubDAO Cosmos treasury.","Do not distribute new PHMN to the old treasury address; reroute this amount to the new destination Cosmos treasury.","","neutron_voucher_holder","Counts Neutron PHMN voucher ownership backed by Juno ICS20 escrow."
"osmosis","osmo1hyjhy0tp6geral2g9vj9nyteglf8t5q4pqwre8","cosmos1hyjhy0tp6geral2g9vj9nyteglf8t5q4fman04","12661704217","12661.704217","no","rerouted_to_subdao","specific_subdao_treasury","cosmos1pu90e2gm2kq9lvheqzrh0tl9dw5aqg6v5gr9jug2eqdel0vzuxkqvg72nn","Старый treasury/SubDAO/core-team адрес. Новый PHMN не отправляется на старый адрес; сумма перенаправляется на новый treasury/handling адрес.","В broadcast сумма перенаправляется на specific SubDAO treasury cosmos1pu90e2gm2kq9lvheqzrh0tl9dw5aqg6v5gr9jug2eqdel0vzuxkqvg72nn.","Old treasury/SubDAO/core-team source address. New PHMN will not be sent to this old address; amount is rerouted to the listed new SubDAO Cosmos treasury.","Core-team Osmosis PHMN balance. Do not distribute new PHMN to the old Osmosis address; reroute this amount to the Liquidity SubDAO Cosmos treasury.","core_team_liquidity_subdao_reroute","osmosis_voucher_holder","Counts Osmosis PHMN voucher ownership backed by Juno ICS20 escrow. Core-team Osmosis PHMN; reroute 12661.704217 PHMN to Liquidity SubDAO in final distribution."
"juno","juno16rd66nkhuc2qvzarqs28z0l6gk50qy5w0jdwk2xygtkjz5kclu9qlsyxl4","cosmos16rd66nkhuc2qvzarqs28z0l6gk50qy5w0jdwk2xygtkjz5kclu9qu4r4g3","3056690993","3056.690993","no","rerouted_to_subdao","specific_subdao_treasury","cosmos1pu90e2gm2kq9lvheqzrh0tl9dw5aqg6v5gr9jug2eqdel0vzuxkqvg72nn","Старый treasury/SubDAO/core-team адрес. Новый PHMN не отправляется на старый адрес; сумма перенаправляется на новый treasury/handling адрес.","В broadcast сумма перенаправляется на specific SubDAO treasury cosmos1pu90e2gm2kq9lvheqzrh0tl9dw5aqg6v5gr9jug2eqdel0vzuxkqvg72nn.","Old treasury/SubDAO/core-team source address. New PHMN will not be sent to this old address; amount is rerouted to the listed new SubDAO Cosmos treasury.","Do not distribute new PHMN to the old treasury address; reroute this amount to the new destination Cosmos treasury.","","juno_holder_non_escrow","Counted directly. Juno ICS20 escrow rows are excluded and replaced by destination voucher ownership."
"juno","juno1ejdt5w55ad8c3syj8mph3xhchee2jtlcfpw9sm0mq2fh80qygudsjzrwjj","cosmos1ejdt5w55ad8c3syj8mph3xhchee2jtlcfpw9sm0mq2fh80qyguds38ya9k","1030280469","1030.280469","no","rerouted_to_subdao","strategic_subdao_treasury","cosmos146s5j3t7gh2g37ywm47dp8avhesu2htvjjaxq7z55e7xj0rq0k8q5qnjjy","Старый treasury/SubDAO/core-team адрес. Новый PHMN не отправляется на старый адрес; сумма перенаправляется на новый treasury/handling адрес.","В broadcast сумма входит в Strategic SubDAO recipient cosmos146s5j3t7gh2g37ywm47dp8avhesu2htvjjaxq7z55e7xj0rq0k8q5qnjjy.","Old treasury/SubDAO/core-team source address. New PHMN will not be sent to this old address; amount is rerouted to the listed new SubDAO Cosmos treasury.","Do not distribute new PHMN to the old treasury address; reroute this amount to the new destination Cosmos treasury.","","juno_holder_non_escrow","Counted directly. Juno ICS20 escrow rows are excluded and replaced by destination voucher ownership."
"juno","juno1cgs9upt55g6ms3a9zwjn4gg2p6n339flzm7mjuuayu7m076lsuvsnf4cka","cosmos1cgs9upt55g6ms3a9zwjn4gg2p6n339flzm7mjuuayu7m076lsuvssvjtpe","800000000","800.000000","no","rerouted_to_subdao","strategic_subdao_treasury","cosmos146s5j3t7gh2g37ywm47dp8avhesu2htvjjaxq7z55e7xj0rq0k8q5qnjjy","Старый treasury/SubDAO/core-team адрес. Новый PHMN не отправляется на старый адрес; сумма перенаправляется на новый treasury/handling адрес.","В broadcast сумма входит в Strategic SubDAO recipient cosmos146s5j3t7gh2g37ywm47dp8avhesu2htvjjaxq7z55e7xj0rq0k8q5qnjjy.","Old treasury/SubDAO/core-team source address. New PHMN will not be sent to this old address; amount is rerouted to the listed new SubDAO Cosmos treasury.","Do not distribute new PHMN to the old treasury address; reroute this amount to the new destination Cosmos treasury.","","juno_holder_non_escrow","Counted directly. Juno ICS20 escrow rows are excluded and replaced by destination voucher ownership."
"juno","juno1uwmtcc8lxc7waqy9takvnsautlfx5qp688jykvvuk4fezd8jf6fs549ym2","cosmos1uwmtcc8lxc7waqy9takvnsautlfx5qp688jykvvuk4fezd8jf6fshszhvw","434000000","434.000000","no","rerouted_to_subdao","strategic_subdao_treasury","cosmos146s5j3t7gh2g37ywm47dp8avhesu2htvjjaxq7z55e7xj0rq0k8q5qnjjy","Старый treasury/SubDAO/core-team адрес. Новый PHMN не отправляется на старый адрес; сумма перенаправляется на новый treasury/handling адрес.","В broadcast сумма входит в Strategic SubDAO recipient cosmos146s5j3t7gh2g37ywm47dp8avhesu2htvjjaxq7z55e7xj0rq0k8q5qnjjy.","Old treasury/SubDAO/core-team source address. New PHMN will not be sent to this old address; amount is rerouted to the listed new SubDAO Cosmos treasury.","Do not distribute new PHMN to the old treasury address; reroute this amount to the new destination Cosmos treasury.","","juno_holder_non_escrow","Counted directly. Juno ICS20 escrow rows are excluded and replaced by destination voucher ownership."
"juno","juno1gsrhz6vqgjyz9ar3tr7w4hzk5n6dtwt66hjtjyn0hqycje3pzpaq73395c","cosmos1gsrhz6vqgjyz9ar3tr7w4hzk5n6dtwt66hjtjyn0hqycje3pzpaqa5kkru","312890000","312.890000","no","rerouted_to_subdao","strategic_subdao_treasury","cosmos146s5j3t7gh2g37ywm47dp8avhesu2htvjjaxq7z55e7xj0rq0k8q5qnjjy","Старый treasury/SubDAO/core-team адрес. Новый PHMN не отправляется на старый адрес; сумма перенаправляется на новый treasury/handling адрес.","В broadcast сумма входит в Strategic SubDAO recipient cosmos146s5j3t7gh2g37ywm47dp8avhesu2htvjjaxq7z55e7xj0rq0k8q5qnjjy.","Old treasury/SubDAO/core-team source address. New PHMN will not be sent to this old address; amount is rerouted to the listed new SubDAO Cosmos treasury.","Do not distribute new PHMN to the old treasury address; reroute this amount to the new destination Cosmos treasury.","","juno_holder_non_escrow","Counted directly. Juno ICS20 escrow rows are excluded and replaced by destination voucher ownership."
"juno","juno1kfsf0p07a9unhnn3f0qv2vkcwyr8vuzxvjempy739e6ry5acgfeqdkfyuv","cosmos1kfsf0p07a9unhnn3f0qv2vkcwyr8vuzxvjempy739e6ry5acgfeqwnwhtg","180000000","180.000000","no","rerouted_to_subdao","strategic_subdao_treasury","cosmos146s5j3t7gh2g37ywm47dp8avhesu2htvjjaxq7z55e7xj0rq0k8q5qnjjy","Старый treasury/SubDAO/core-team адрес. Новый PHMN не отправляется на старый адрес; сумма перенаправляется на новый treasury/handling адрес.","В broadcast сумма входит в Strategic SubDAO recipient cosmos146s5j3t7gh2g37ywm47dp8avhesu2htvjjaxq7z55e7xj0rq0k8q5qnjjy.","Old treasury/SubDAO/core-team source address. New PHMN will not be sent to this old address; amount is rerouted to the listed new SubDAO Cosmos treasury.","Do not distribute new PHMN to the old treasury address; reroute this amount to the new destination Cosmos treasury.","","juno_holder_non_escrow","Counted directly. Juno ICS20 escrow rows are excluded and replaced by destination voucher ownership."
"juno","juno10cf0pmy6crjdgyd6y5svzwuf59qfu3kqva63cghp82x8ccw3ytesgtpf4m","cosmos10cf0pmy6crjdgyd6y5svzwuf59qfu3kqva63cghp82x8ccw3ytestwx6zl","125000000","125.000000","no","rerouted_to_subdao","strategic_subdao_treasury","cosmos146s5j3t7gh2g37ywm47dp8avhesu2htvjjaxq7z55e7xj0rq0k8q5qnjjy","Старый treasury/SubDAO/core-team адрес. Новый PHMN не отправляется на старый адрес; сумма перенаправляется на новый treasury/handling адрес.","В broadcast сумма входит в Strategic SubDAO recipient cosmos146s5j3t7gh2g37ywm47dp8avhesu2htvjjaxq7z55e7xj0rq0k8q5qnjjy.","Old treasury/SubDAO/core-team source address. New PHMN will not be sent to this old address; amount is rerouted to the listed new SubDAO Cosmos treasury.","Do not distribute new PHMN to the old treasury address; reroute this amount to the new destination Cosmos treasury.","","juno_holder_non_escrow","Counted directly. Juno ICS20 escrow rows are excluded and replaced by destination voucher ownership."
"juno","juno1q0yn0r4q8h7d3qmtlq7mrxuyn6wc4g99p94hr4d47ftu09wtfkmqwlscpl","cosmos1q0yn0r4q8h7d3qmtlq7mrxuyn6wc4g99p94hr4d47ftu09wtfkmqd6htkm","110000000","110.000000","no","rerouted_to_subdao","strategic_subdao_treasury","cosmos146s5j3t7gh2g37ywm47dp8avhesu2htvjjaxq7z55e7xj0rq0k8q5qnjjy","Старый treasury/SubDAO/core-team адрес. Новый PHMN не отправляется на старый адрес; сумма перенаправляется на новый treasury/handling адрес.","В broadcast сумма входит в Strategic SubDAO recipient cosmos146s5j3t7gh2g37ywm47dp8avhesu2htvjjaxq7z55e7xj0rq0k8q5qnjjy.","Old treasury/SubDAO/core-team source address. New PHMN will not be sent to this old address; amount is rerouted to the listed new SubDAO Cosmos treasury.","Do not distribute new PHMN to the old treasury address; reroute this amount to the new destination Cosmos treasury.","","juno_holder_non_escrow","Counted directly. Juno ICS20 escrow rows are excluded and replaced by destination voucher ownership."
"juno","juno1ujl7hlglktdll3g8d3sttw83vw969ncwl3npzfaj7qplgzhhu92qdfdte4","cosmos1ujl7hlglktdll3g8d3sttw83vw969ncwl3npzfaj7qplgzhhu92qwv2cw3","63800000","63.800000","no","rerouted_to_subdao","strategic_subdao_treasury","cosmos146s5j3t7gh2g37ywm47dp8avhesu2htvjjaxq7z55e7xj0rq0k8q5qnjjy","Старый treasury/SubDAO/core-team адрес. Новый PHMN не отправляется на старый адрес; сумма перенаправляется на новый treasury/handling адрес.","В broadcast сумма входит в Strategic SubDAO recipient cosmos146s5j3t7gh2g37ywm47dp8avhesu2htvjjaxq7z55e7xj0rq0k8q5qnjjy.","Old treasury/SubDAO/core-team source address. New PHMN will not be sent to this old address; amount is rerouted to the listed new SubDAO Cosmos treasury.","Do not distribute new PHMN to the old treasury address; reroute this amount to the new destination Cosmos treasury.","","juno_holder_non_escrow","Counted directly. Juno ICS20 escrow rows are excluded and replaced by destination voucher ownership."
"juno","juno1ud8avxjwk5m97s8s5pqd0qhg0lyxqxefjzupyhrqvpq2002svfpq8urfuq","cosmos1ud8avxjwk5m97s8s5pqd0qhg0lyxqxefjzupyhrqvpq2002svfpqyey6ty","55000000","55.000000","no","rerouted_to_subdao","strategic_subdao_treasury","cosmos146s5j3t7gh2g37ywm47dp8avhesu2htvjjaxq7z55e7xj0rq0k8q5qnjjy","Старый treasury/SubDAO/core-team адрес. Новый PHMN не отправляется на старый адрес; сумма перенаправляется на новый treasury/handling адрес.","В broadcast сумма входит в Strategic SubDAO recipient cosmos146s5j3t7gh2g37ywm47dp8avhesu2htvjjaxq7z55e7xj0rq0k8q5qnjjy.","Old treasury/SubDAO/core-team source address. New PHMN will not be sent to this old address; amount is rerouted to the listed new SubDAO Cosmos treasury.","Do not distribute new PHMN to the old treasury address; reroute this amount to the new destination Cosmos treasury.","","juno_holder_non_escrow","Counted directly. Juno ICS20 escrow rows are excluded and replaced by destination voucher ownership."
"juno","juno13k62fjqupyyhlxjt7adrfenzfpu2698d8emwvgkkjlxmj506gvfsf9hfe9","cosmos13k62fjqupyyhlxjt7adrfenzfpu2698d8emwvgkkjlxmj506gvfs2qs6wp","50000000","50.000000","no","rerouted_to_subdao","strategic_subdao_treasury","cosmos146s5j3t7gh2g37ywm47dp8avhesu2htvjjaxq7z55e7xj0rq0k8q5qnjjy","Старый treasury/SubDAO/core-team адрес. Новый PHMN не отправляется на старый адрес; сумма перенаправляется на новый treasury/handling адрес.","В broadcast сумма входит в Strategic SubDAO recipient cosmos146s5j3t7gh2g37ywm47dp8avhesu2htvjjaxq7z55e7xj0rq0k8q5qnjjy.","Old treasury/SubDAO/core-team source address. New PHMN will not be sent to this old address; amount is rerouted to the listed new SubDAO Cosmos treasury.","Do not distribute new PHMN to the old treasury address; reroute this amount to the new destination Cosmos treasury.","","juno_holder_non_escrow","Counted directly. Juno ICS20 escrow rows are excluded and replaced by destination voucher ownership."
"juno","juno1xt8lgs35qntfqts0r686c9t0whuw2g065er3qahzc7qq8wjnpntsq499ge","cosmos1xt8lgs35qntfqts0r686c9t0whuw2g065er3qahzc7qq8wjnpntsrszkla","50000000","50.000000","no","rerouted_to_subdao","strategic_subdao_treasury","cosmos146s5j3t7gh2g37ywm47dp8avhesu2htvjjaxq7z55e7xj0rq0k8q5qnjjy","Старый treasury/SubDAO/core-team адрес. Новый PHMN не отправляется на старый адрес; сумма перенаправляется на новый treasury/handling адрес.","В broadcast сумма входит в Strategic SubDAO recipient cosmos146s5j3t7gh2g37ywm47dp8avhesu2htvjjaxq7z55e7xj0rq0k8q5qnjjy.","Old treasury/SubDAO/core-team source address. New PHMN will not be sent to this old address; amount is rerouted to the listed new SubDAO Cosmos treasury.","Do not distribute new PHMN to the old treasury address; reroute this amount to the new destination Cosmos treasury.","","juno_holder_non_escrow","Counted directly. Juno ICS20 escrow rows are excluded and replaced by destination voucher ownership."
"juno","juno15tv8ufpg8t7mke4rs66cqcg0x297y55numn2x6a8kz703reldalqg9w40e","cosmos15tv8ufpg8t7mke4rs66cqcg0x297y55numn2x6a8kz703reldalqtqfxca","49000000","49.000000","no","rerouted_to_subdao","strategic_subdao_treasury","cosmos146s5j3t7gh2g37ywm47dp8avhesu2htvjjaxq7z55e7xj0rq0k8q5qnjjy","Старый treasury/SubDAO/core-team адрес. Новый PHMN не отправляется на старый адрес; сумма перенаправляется на новый treasury/handling адрес.","В broadcast сумма входит в Strategic SubDAO recipient cosmos146s5j3t7gh2g37ywm47dp8avhesu2htvjjaxq7z55e7xj0rq0k8q5qnjjy.","Old treasury/SubDAO/core-team source address. New PHMN will not be sent to this old address; amount is rerouted to the listed new SubDAO Cosmos treasury.","Do not distribute new PHMN to the old treasury address; reroute this amount to the new destination Cosmos treasury.","","juno_holder_non_escrow","Counted directly. Juno ICS20 escrow rows are excluded and replaced by destination voucher ownership."
"juno","juno1vknye0x0uxd0ypmr28qreg36fvuyyyna0ve8a7lrx2lepl4ehscsapfyvf","cosmos1vknye0x0uxd0ypmr28qreg36fvuyyyna0ve8a7lrx2lepl4ehscs7ywhmd","13000000","13.000000","no","rerouted_to_subdao","strategic_subdao_treasury","cosmos146s5j3t7gh2g37ywm47dp8avhesu2htvjjaxq7z55e7xj0rq0k8q5qnjjy","Старый treasury/SubDAO/core-team адрес. Новый PHMN не отправляется на старый адрес; сумма перенаправляется на новый treasury/handling адрес.","В broadcast сумма входит в Strategic SubDAO recipient cosmos146s5j3t7gh2g37ywm47dp8avhesu2htvjjaxq7z55e7xj0rq0k8q5qnjjy.","Old treasury/SubDAO/core-team source address. New PHMN will not be sent to this old address; amount is rerouted to the listed new SubDAO Cosmos treasury.","Do not distribute new PHMN to the old treasury address; reroute this amount to the new destination Cosmos treasury.","","juno_holder_non_escrow","Counted directly. Juno ICS20 escrow rows are excluded and replaced by destination voucher ownership."
"juno","juno13h4dye7tls2h662h4lhmyrm7dce47am8h70p3thhyxh8vr5hyljqc3a6sv","cosmos13h4dye7tls2h662h4lhmyrm7dce47am8h70p3thhyxh8vr5hyljqm56f8g","2500000","2.500000","no","rerouted_to_subdao","strategic_subdao_treasury","cosmos146s5j3t7gh2g37ywm47dp8avhesu2htvjjaxq7z55e7xj0rq0k8q5qnjjy","Старый treasury/SubDAO/core-team адрес. Новый PHMN не отправляется на старый адрес; сумма перенаправляется на новый treasury/handling адрес.","В broadcast сумма входит в Strategic SubDAO recipient cosmos146s5j3t7gh2g37ywm47dp8avhesu2htvjjaxq7z55e7xj0rq0k8q5qnjjy.","Old treasury/SubDAO/core-team source address. New PHMN will not be sent to this old address; amount is rerouted to the listed new SubDAO Cosmos treasury.","Do not distribute new PHMN to the old treasury address; reroute this amount to the new destination Cosmos treasury.","","juno_holder_non_escrow","Counted directly. Juno ICS20 escrow rows are excluded and replaced by destination voucher ownership."
"juno","juno1gs3hkuvjaexu52u9s65e8wj5he753dl4l9yn6vew7hszvxhdg6sqanluwc","cosmos1gs3hkuvjaexu52u9s65e8wj5he753dl4l9yn6vew7hszvxhdg6sq7kc0eu","916671","0.916671","no","rerouted_to_subdao","strategic_subdao_treasury","cosmos146s5j3t7gh2g37ywm47dp8avhesu2htvjjaxq7z55e7xj0rq0k8q5qnjjy","Старый treasury/SubDAO/core-team адрес. Новый PHMN не отправляется на старый адрес; сумма перенаправляется на новый treasury/handling адрес.","В broadcast сумма входит в Strategic SubDAO recipient cosmos146s5j3t7gh2g37ywm47dp8avhesu2htvjjaxq7z55e7xj0rq0k8q5qnjjy.","Old treasury/SubDAO/core-team source address. New PHMN will not be sent to this old address; amount is rerouted to the listed new SubDAO Cosmos treasury.","Do not distribute new PHMN to the old treasury address; reroute this amount to the new destination Cosmos treasury.","","juno_holder_non_escrow","Counted directly. Juno ICS20 escrow rows are excluded and replaced by destination voucher ownership."
"osmo","osmo1slqv7yv45v4k3ccrvwv24u2scqn6hyrut7j5m69ygw3j66ayqnesxemawx","cosmos1slqv7yv45v4k3ccrvwv24u2scqn6hyrut7j5m69ygw3j66ayqnesnyr9eq","146084861","146.084861","no","quarantined_contract_or_module_account","strategic_subdao_unresolved_contract_holder_handling","cosmos146s5j3t7gh2g37ywm47dp8avhesu2htvjjaxq7z55e7xj0rq0k8q5qnjjy","Старый PHMN лежит на contract/module/pool/proxy адресе. Механически пересчитанный cosmos-адрес не контролируется реальными пользователями/LP holders, поэтому прямой broadcast туда невозможен.","В broadcast сумма входит в Strategic SubDAO recipient cosmos146s5j3t7gh2g37ywm47dp8avhesu2htvjjaxq7z55e7xj0rq0k8q5qnjjy; помечена как unresolved contract/LP-holder handling до отдельного решения по underlying holders.","Source is a long Bech32 address consistent with a CosmWasm contract, pool, proxy, or module account. Sending new PHMN to the normalized Cosmos address would not deliver tokens to the underlying users or LP holders.","Previous candidate mechanically normalized this source to a Cosmos address; corrected candidate quarantines it because it is not a normal user-controlled account.","contract_or_module_account,long_bech32_source,requires_underlying_holder_resolution","osmo_contract_or_module_account","Included in total PHMN cap accounting but not directly broadcast to the normalized Cosmos address."
"juno","juno17jv00cm4f3twr548jzayu57g9txvd4zdh54mdg9qpjs7samlphjsykylsq","cosmos17jv00cm4f3twr548jzayu57g9txvd4zdh54mdg9qpjs7samlphjs8nrv8y","36579358","36.579358","no","quarantined_contract_or_module_account","strategic_subdao_unresolved_contract_holder_handling","cosmos146s5j3t7gh2g37ywm47dp8avhesu2htvjjaxq7z55e7xj0rq0k8q5qnjjy","Старый PHMN лежит на contract/module/pool/proxy адресе. Механически пересчитанный cosmos-адрес не контролируется реальными пользователями/LP holders, поэтому прямой broadcast туда невозможен.","В broadcast сумма входит в Strategic SubDAO recipient cosmos146s5j3t7gh2g37ywm47dp8avhesu2htvjjaxq7z55e7xj0rq0k8q5qnjjy; помечена как unresolved contract/LP-holder handling до отдельного решения по underlying holders.","Source is a long Bech32 address consistent with a CosmWasm contract, pool, proxy, or module account. Sending new PHMN to the normalized Cosmos address would not deliver tokens to the underlying users or LP holders.","Previous candidate mechanically normalized this source to a Cosmos address; corrected candidate quarantines it because it is not a normal user-controlled account.","contract_or_module_account,long_bech32_source,requires_underlying_holder_resolution","juno_contract_or_module_account","Included in total PHMN cap accounting but not directly broadcast to the normalized Cosmos address."
"juno","juno169m5zgfxnquukj2cgrkgxq4gsuw9ee7pjez4g9g4mkvafzkums6q5632mp","cosmos169m5zgfxnquukj2cgrkgxq4gsuw9ee7pjez4g9g4mkvafzkums6qhlkev9","32000000","32.000000","no","quarantined_contract_or_module_account","strategic_subdao_unresolved_contract_holder_handling","cosmos146s5j3t7gh2g37ywm47dp8avhesu2htvjjaxq7z55e7xj0rq0k8q5qnjjy","Старый PHMN лежит на contract/module/pool/proxy адресе. Механически пересчитанный cosmos-адрес не контролируется реальными пользователями/LP holders, поэтому прямой broadcast туда невозможен.","В broadcast сумма входит в Strategic SubDAO recipient cosmos146s5j3t7gh2g37ywm47dp8avhesu2htvjjaxq7z55e7xj0rq0k8q5qnjjy; помечена как unresolved contract/LP-holder handling до отдельного решения по underlying holders.","Source is a long Bech32 address consistent with a CosmWasm contract, pool, proxy, or module account. Sending new PHMN to the normalized Cosmos address would not deliver tokens to the underlying users or LP holders.","Previous candidate mechanically normalized this source to a Cosmos address; corrected candidate quarantines it because it is not a normal user-controlled account.","contract_or_module_account,long_bech32_source,requires_underlying_holder_resolution","juno_contract_or_module_account","Included in total PHMN cap accounting but not directly broadcast to the normalized Cosmos address."
"juno","juno1xkm8tmm7jlqdh8kua9y7wst8fwcxpdnk6gglndfckj6rsjg4xc5q8aaawn","cosmos1xkm8tmm7jlqdh8kua9y7wst8fwcxpdnk6gglndfckj6rsjg4xc5qyc6weh","24291094","24.291094","no","quarantined_contract_or_module_account","strategic_subdao_unresolved_contract_holder_handling","cosmos146s5j3t7gh2g37ywm47dp8avhesu2htvjjaxq7z55e7xj0rq0k8q5qnjjy","Старый PHMN лежит на contract/module/pool/proxy адресе. Механически пересчитанный cosmos-адрес не контролируется реальными пользователями/LP holders, поэтому прямой broadcast туда невозможен.","В broadcast сумма входит в Strategic SubDAO recipient cosmos146s5j3t7gh2g37ywm47dp8avhesu2htvjjaxq7z55e7xj0rq0k8q5qnjjy; помечена как unresolved contract/LP-holder handling до отдельного решения по underlying holders.","Source is a long Bech32 address consistent with a CosmWasm contract, pool, proxy, or module account. Sending new PHMN to the normalized Cosmos address would not deliver tokens to the underlying users or LP holders.","Previous candidate mechanically normalized this source to a Cosmos address; corrected candidate quarantines it because it is not a normal user-controlled account.","contract_or_module_account,long_bech32_source,requires_underlying_holder_resolution","juno_contract_or_module_account","Included in total PHMN cap accounting but not directly broadcast to the normalized Cosmos address."
"osmo","osmo18s5jvhwgkrd8ujpvhyys2ec3e7lm0ct5w5aq4cpfgqrqupqnwynsx7zun7","cosmos18s5jvhwgkrd8ujpvhyys2ec3e7lm0ct5w5aq4cpfgqrqupqnwynsnr6yyc","17175892","17.175892","no","quarantined_contract_or_module_account","strategic_subdao_unresolved_contract_holder_handling","cosmos146s5j3t7gh2g37ywm47dp8avhesu2htvjjaxq7z55e7xj0rq0k8q5qnjjy","Старый PHMN лежит на contract/module/pool/proxy адресе. Механически пересчитанный cosmos-адрес не контролируется реальными пользователями/LP holders, поэтому прямой broadcast туда невозможен.","В broadcast сумма входит в Strategic SubDAO recipient cosmos146s5j3t7gh2g37ywm47dp8avhesu2htvjjaxq7z55e7xj0rq0k8q5qnjjy; помечена как unresolved contract/LP-holder handling до отдельного решения по underlying holders.","Source is a long Bech32 address consistent with a CosmWasm contract, pool, proxy, or module account. Sending new PHMN to the normalized Cosmos address would not deliver tokens to the underlying users or LP holders.","Previous candidate mechanically normalized this source to a Cosmos address; corrected candidate quarantines it because it is not a normal user-controlled account.","contract_or_module_account,long_bech32_source,requires_underlying_holder_resolution","osmo_contract_or_module_account","Included in total PHMN cap accounting but not directly broadcast to the normalized Cosmos address."
"osmo","osmo1j8dld6pnnsdz26ptdzj0ah2zxpzcdma7g5640mch09zlxf5axesqmhszw3","cosmos1j8dld6pnnsdz26ptdzj0ah2zxpzcdma7g5640mch09zlxf5axesqw2g6eh","15503032","15.503032","no","quarantined_contract_or_module_account","strategic_subdao_unresolved_contract_holder_handling","cosmos146s5j3t7gh2g37ywm47dp8avhesu2htvjjaxq7z55e7xj0rq0k8q5qnjjy","Старый PHMN лежит на contract/module/pool/proxy адресе. Механически пересчитанный cosmos-адрес не контролируется реальными пользователями/LP holders, поэтому прямой broadcast туда невозможен.","В broadcast сумма входит в Strategic SubDAO recipient cosmos146s5j3t7gh2g37ywm47dp8avhesu2htvjjaxq7z55e7xj0rq0k8q5qnjjy; помечена как unresolved contract/LP-holder handling до отдельного решения по underlying holders.","Source is a long Bech32 address consistent with a CosmWasm contract, pool, proxy, or module account. Sending new PHMN to the normalized Cosmos address would not deliver tokens to the underlying users or LP holders.","Previous candidate mechanically normalized this source to a Cosmos address; corrected candidate quarantines it because it is not a normal user-controlled account.","contract_or_module_account,long_bech32_source,requires_underlying_holder_resolution","osmo_contract_or_module_account","Included in total PHMN cap accounting but not directly broadcast to the normalized Cosmos address."
"juno","juno1rws84uz7969aaa7pej303udhlkt3j9ca0l3egpcae98jwak9quzq8szn2l","cosmos1rws84uz7969aaa7pej303udhlkt3j9ca0l3egpcae98jwak9quzqy49qam","14023321","14.023321","no","quarantined_contract_or_module_account","strategic_subdao_unresolved_contract_holder_handling","cosmos146s5j3t7gh2g37ywm47dp8avhesu2htvjjaxq7z55e7xj0rq0k8q5qnjjy","Старый PHMN лежит на contract/module/pool/proxy адресе. Механически пересчитанный cosmos-адрес не контролируется реальными пользователями/LP holders, поэтому прямой broadcast туда невозможен.","В broadcast сумма входит в Strategic SubDAO recipient cosmos146s5j3t7gh2g37ywm47dp8avhesu2htvjjaxq7z55e7xj0rq0k8q5qnjjy; помечена как unresolved contract/LP-holder handling до отдельного решения по underlying holders.","Source is a long Bech32 address consistent with a CosmWasm contract, pool, proxy, or module account. Sending new PHMN to the normalized Cosmos address would not deliver tokens to the underlying users or LP holders.","Previous candidate mechanically normalized this source to a Cosmos address; corrected candidate quarantines it because it is not a normal user-controlled account.","contract_or_module_account,long_bech32_source,requires_underlying_holder_resolution","juno_contract_or_module_account","Included in total PHMN cap accounting but not directly broadcast to the normalized Cosmos address."
"osmo","osmo1mtarz7hmt5m0h7muks3pdnwfmwqps9nndrrq6xrz5rhdsl6s3cwssm4vv3","cosmos1mtarz7hmt5m0h7muks3pdnwfmwqps9nndrrq6xrz5rhdsl6s3cws9xd5mh","10729718","10.729718","no","quarantined_contract_or_module_account","strategic_subdao_unresolved_contract_holder_handling","cosmos146s5j3t7gh2g37ywm47dp8avhesu2htvjjaxq7z55e7xj0rq0k8q5qnjjy","Старый PHMN лежит на contract/module/pool/proxy адресе. Механически пересчитанный cosmos-адрес не контролируется реальными пользователями/LP holders, поэтому прямой broadcast туда невозможен.","В broadcast сумма входит в Strategic SubDAO recipient cosmos146s5j3t7gh2g37ywm47dp8avhesu2htvjjaxq7z55e7xj0rq0k8q5qnjjy; помечена как unresolved contract/LP-holder handling до отдельного решения по underlying holders.","Source is a long Bech32 address consistent with a CosmWasm contract, pool, proxy, or module account. Sending new PHMN to the normalized Cosmos address would not deliver tokens to the underlying users or LP holders.","Previous candidate mechanically normalized this source to a Cosmos address; corrected candidate quarantines it because it is not a normal user-controlled account.","contract_or_module_account,long_bech32_source,requires_underlying_holder_resolution","osmo_contract_or_module_account","Included in total PHMN cap accounting but not directly broadcast to the normalized Cosmos address."
"juno","juno1c8llxdxstak7x0kyxxwuwwjwvazvxfngth97zl2vtg993ymygegqp7ngj7","cosmos1c8llxdxstak7x0kyxxwuwwjwvazvxfngth97zl2vtg993ymygegqzm5m96","9990000","9.990000","no","quarantined_contract_or_module_account","strategic_subdao_unresolved_contract_holder_handling","cosmos146s5j3t7gh2g37ywm47dp8avhesu2htvjjaxq7z55e7xj0rq0k8q5qnjjy","Старый PHMN лежит на contract/module/pool/proxy адресе. Механически пересчитанный cosmos-адрес не контролируется реальными пользователями/LP holders, поэтому прямой broadcast туда невозможен.","В broadcast сумма входит в Strategic SubDAO recipient cosmos146s5j3t7gh2g37ywm47dp8avhesu2htvjjaxq7z55e7xj0rq0k8q5qnjjy; помечена как unresolved contract/LP-holder handling до отдельного решения по underlying holders.","Source is a long Bech32 address consistent with a CosmWasm contract, pool, proxy, or module account. Sending new PHMN to the normalized Cosmos address would not deliver tokens to the underlying users or LP holders.","Previous candidate mechanically normalized this source to a Cosmos address; corrected candidate quarantines it because it is not a normal user-controlled account.","contract_or_module_account,long_bech32_source,requires_underlying_holder_resolution","juno_contract_or_module_account","Included in total PHMN cap accounting but not directly broadcast to the normalized Cosmos address."
"osmo","osmo1x8c9ztdgp48d2xcst5v3crd6x666xtykdrfsrautg8q6f9tcmglsjcuwrz","cosmos1x8c9ztdgp48d2xcst5v3crd6x666xtykdrfsrautg8q6f9tcmgls89yk5y","9238732","9.238732","no","quarantined_contract_or_module_account","strategic_subdao_unresolved_contract_holder_handling","cosmos146s5j3t7gh2g37ywm47dp8avhesu2htvjjaxq7z55e7xj0rq0k8q5qnjjy","Старый PHMN лежит на contract/module/pool/proxy адресе. Механически пересчитанный cosmos-адрес не контролируется реальными пользователями/LP holders, поэтому прямой broadcast туда невозможен.","В broadcast сумма входит в Strategic SubDAO recipient cosmos146s5j3t7gh2g37ywm47dp8avhesu2htvjjaxq7z55e7xj0rq0k8q5qnjjy; помечена как unresolved contract/LP-holder handling до отдельного решения по underlying holders.","Source is a long Bech32 address consistent with a CosmWasm contract, pool, proxy, or module account. Sending new PHMN to the normalized Cosmos address would not deliver tokens to the underlying users or LP holders.","Previous candidate mechanically normalized this source to a Cosmos address; corrected candidate quarantines it because it is not a normal user-controlled account.","contract_or_module_account,long_bech32_source,requires_underlying_holder_resolution","osmo_contract_or_module_account","Included in total PHMN cap accounting but not directly broadcast to the normalized Cosmos address."
"juno","juno102avj0s05q63g6xf30gh50c3nawv485dfarglusc3xautywzarrszua607","cosmos102avj0s05q63g6xf30gh50c3nawv485dfarglusc3xautywzarrspe6fc6","4161558","4.161558","no","quarantined_contract_or_module_account","strategic_subdao_unresolved_contract_holder_handling","cosmos146s5j3t7gh2g37ywm47dp8avhesu2htvjjaxq7z55e7xj0rq0k8q5qnjjy","Старый PHMN лежит на contract/module/pool/proxy адресе. Механически пересчитанный cosmos-адрес не контролируется реальными пользователями/LP holders, поэтому прямой broadcast туда невозможен.","В broadcast сумма входит в Strategic SubDAO recipient cosmos146s5j3t7gh2g37ywm47dp8avhesu2htvjjaxq7z55e7xj0rq0k8q5qnjjy; помечена как unresolved contract/LP-holder handling до отдельного решения по underlying holders.","Source is a long Bech32 address consistent with a CosmWasm contract, pool, proxy, or module account. Sending new PHMN to the normalized Cosmos address would not deliver tokens to the underlying users or LP holders.","Previous candidate mechanically normalized this source to a Cosmos address; corrected candidate quarantines it because it is not a normal user-controlled account.","contract_or_module_account,long_bech32_source,requires_underlying_holder_resolution","juno_contract_or_module_account","Included in total PHMN cap accounting but not directly broadcast to the normalized Cosmos address."
"neutron","neutron1unc0549k2f0d7mjjyfm94fuz2x53wrx3px0pr55va27grdgmspcqgzfr8p","cosmos1unc0549k2f0d7mjjyfm94fuz2x53wrx3px0pr55va27grdgmspcqfdc8ez","2999352","2.999352","no","quarantined_contract_or_module_account","strategic_subdao_unresolved_contract_holder_handling","cosmos146s5j3t7gh2g37ywm47dp8avhesu2htvjjaxq7z55e7xj0rq0k8q5qnjjy","Старый PHMN лежит на contract/module/pool/proxy адресе. Механически пересчитанный cosmos-адрес не контролируется реальными пользователями/LP holders, поэтому прямой broadcast туда невозможен.","В broadcast сумма входит в Strategic SubDAO recipient cosmos146s5j3t7gh2g37ywm47dp8avhesu2htvjjaxq7z55e7xj0rq0k8q5qnjjy; помечена как unresolved contract/LP-holder handling до отдельного решения по underlying holders.","Source is a long Bech32 address consistent with a CosmWasm contract, pool, proxy, or module account. Sending new PHMN to the normalized Cosmos address would not deliver tokens to the underlying users or LP holders.","Previous candidate mechanically normalized this source to a Cosmos address; corrected candidate quarantines it because it is not a normal user-controlled account.","contract_or_module_account,long_bech32_source,requires_underlying_holder_resolution","neutron_contract_or_module_account","Included in total PHMN cap accounting but not directly broadcast to the normalized Cosmos address."
"juno","juno1h43x2qs98gql4tdje00sw3yll22qj8cycarzjr4m4n36dlt92s6s9yuc60","cosmos1h43x2qs98gql4tdje00sw3yll22qj8cycarzjr4m4n36dlt92s6sxpmtdt","1055362","1.055362","no","quarantined_contract_or_module_account","strategic_subdao_unresolved_contract_holder_handling","cosmos146s5j3t7gh2g37ywm47dp8avhesu2htvjjaxq7z55e7xj0rq0k8q5qnjjy","Старый PHMN лежит на contract/module/pool/proxy адресе. Механически пересчитанный cosmos-адрес не контролируется реальными пользователями/LP holders, поэтому прямой broadcast туда невозможен.","В broadcast сумма входит в Strategic SubDAO recipient cosmos146s5j3t7gh2g37ywm47dp8avhesu2htvjjaxq7z55e7xj0rq0k8q5qnjjy; помечена как unresolved contract/LP-holder handling до отдельного решения по underlying holders.","Source is a long Bech32 address consistent with a CosmWasm contract, pool, proxy, or module account. Sending new PHMN to the normalized Cosmos address would not deliver tokens to the underlying users or LP holders.","Previous candidate mechanically normalized this source to a Cosmos address; corrected candidate quarantines it because it is not a normal user-controlled account.","contract_or_module_account,long_bech32_source,requires_underlying_holder_resolution","juno_contract_or_module_account","Included in total PHMN cap accounting but not directly broadcast to the normalized Cosmos address."
"juno","juno1h5ex5dn62arjwvwkh88r475dap8qppmmec4sgxzmtdn5tnmke3lqwpplgg","cosmos1h5ex5dn62arjwvwkh88r475dap8qppmmec4sgxzmtdn5tnmke3lqdyxvlv","816340","0.816340","no","quarantined_contract_or_module_account","strategic_subdao_unresolved_contract_holder_handling","cosmos146s5j3t7gh2g37ywm47dp8avhesu2htvjjaxq7z55e7xj0rq0k8q5qnjjy","Старый PHMN лежит на contract/module/pool/proxy адресе. Механически пересчитанный cosmos-адрес не контролируется реальными пользователями/LP holders, поэтому прямой broadcast туда невозможен.","В broadcast сумма входит в Strategic SubDAO recipient cosmos146s5j3t7gh2g37ywm47dp8avhesu2htvjjaxq7z55e7xj0rq0k8q5qnjjy; помечена как unresolved contract/LP-holder handling до отдельного решения по underlying holders.","Source is a long Bech32 address consistent with a CosmWasm contract, pool, proxy, or module account. Sending new PHMN to the normalized Cosmos address would not deliver tokens to the underlying users or LP holders.","Previous candidate mechanically normalized this source to a Cosmos address; corrected candidate quarantines it because it is not a normal user-controlled account.","contract_or_module_account,long_bech32_source,requires_underlying_holder_resolution","juno_contract_or_module_account","Included in total PHMN cap accounting but not directly broadcast to the normalized Cosmos address."
"osmo","osmo1u5jjyu0eeggqh030tdh2gtgdyexgfp5j3afqhp2a46r7uly7pxes884ayz","cosmos1u5jjyu0eeggqh030tdh2gtgdyexgfp5j3afqhp2a46r7uly7pxesj6d9ny","387488","0.387488","no","quarantined_contract_or_module_account","strategic_subdao_unresolved_contract_holder_handling","cosmos146s5j3t7gh2g37ywm47dp8avhesu2htvjjaxq7z55e7xj0rq0k8q5qnjjy","Старый PHMN лежит на contract/module/pool/proxy адресе. Механически пересчитанный cosmos-адрес не контролируется реальными пользователями/LP holders, поэтому прямой broadcast туда невозможен.","В broadcast сумма входит в Strategic SubDAO recipient cosmos146s5j3t7gh2g37ywm47dp8avhesu2htvjjaxq7z55e7xj0rq0k8q5qnjjy; помечена как unresolved contract/LP-holder handling до отдельного решения по underlying holders.","Source is a long Bech32 address consistent with a CosmWasm contract, pool, proxy, or module account. Sending new PHMN to the normalized Cosmos address would not deliver tokens to the underlying users or LP holders.","Previous candidate mechanically normalized this source to a Cosmos address; corrected candidate quarantines it because it is not a normal user-controlled account.","contract_or_module_account,long_bech32_source,requires_underlying_holder_resolution","osmo_contract_or_module_account","Included in total PHMN cap accounting but not directly broadcast to the normalized Cosmos address."
"osmo","osmo17pu7k63mp8e4ey6vr0js6qp9r8zhmdccukdc4nsvpyrfhgqg7nwq3ey9gz","cosmos17pu7k63mp8e4ey6vr0js6qp9r8zhmdccukdc4nsvpyrfhgqg7nwqyyualy","383684","0.383684","no","quarantined_contract_or_module_account","strategic_subdao_unresolved_contract_holder_handling","cosmos146s5j3t7gh2g37ywm47dp8avhesu2htvjjaxq7z55e7xj0rq0k8q5qnjjy","Старый PHMN лежит на contract/module/pool/proxy адресе. Механически пересчитанный cosmos-адрес не контролируется реальными пользователями/LP holders, поэтому прямой broadcast туда невозможен.","В broadcast сумма входит в Strategic SubDAO recipient cosmos146s5j3t7gh2g37ywm47dp8avhesu2htvjjaxq7z55e7xj0rq0k8q5qnjjy; помечена как unresolved contract/LP-holder handling до отдельного решения по underlying holders.","Source is a long Bech32 address consistent with a CosmWasm contract, pool, proxy, or module account. Sending new PHMN to the normalized Cosmos address would not deliver tokens to the underlying users or LP holders.","Previous candidate mechanically normalized this source to a Cosmos address; corrected candidate quarantines it because it is not a normal user-controlled account.","contract_or_module_account,long_bech32_source,requires_underlying_holder_resolution","osmo_contract_or_module_account","Included in total PHMN cap accounting but not directly broadcast to the normalized Cosmos address."
"osmo","osmo1084mt22axehm0fvesznxa8p5llwfzx6hqyaucx6p6qr3f3xfr8qs4vyy2n","cosmos1084mt22axehm0fvesznxa8p5llwfzx6hqyaucx6p6qr3f3xfr8qsq3uua4","339809","0.339809","no","quarantined_contract_or_module_account","strategic_subdao_unresolved_contract_holder_handling","cosmos146s5j3t7gh2g37ywm47dp8avhesu2htvjjaxq7z55e7xj0rq0k8q5qnjjy","Старый PHMN лежит на contract/module/pool/proxy адресе. Механически пересчитанный cosmos-адрес не контролируется реальными пользователями/LP holders, поэтому прямой broadcast туда невозможен.","В broadcast сумма входит в Strategic SubDAO recipient cosmos146s5j3t7gh2g37ywm47dp8avhesu2htvjjaxq7z55e7xj0rq0k8q5qnjjy; помечена как unresolved contract/LP-holder handling до отдельного решения по underlying holders.","Source is a long Bech32 address consistent with a CosmWasm contract, pool, proxy, or module account. Sending new PHMN to the normalized Cosmos address would not deliver tokens to the underlying users or LP holders.","Previous candidate mechanically normalized this source to a Cosmos address; corrected candidate quarantines it because it is not a normal user-controlled account.","contract_or_module_account,long_bech32_source,requires_underlying_holder_resolution","osmo_contract_or_module_account","Included in total PHMN cap accounting but not directly broadcast to the normalized Cosmos address."
"juno","juno1h59xu3kz8jrl3uss0xs97d8enk2077mt3723yhqcmecyq2vhnvlsfcu6d7","cosmos1h59xu3kz8jrl3uss0xs97d8enk2077mt3723yhqcmecyq2vhnvls2amf66","286486","0.286486","no","quarantined_contract_or_module_account","strategic_subdao_unresolved_contract_holder_handling","cosmos146s5j3t7gh2g37ywm47dp8avhesu2htvjjaxq7z55e7xj0rq0k8q5qnjjy","Старый PHMN лежит на contract/module/pool/proxy адресе. Механически пересчитанный cosmos-адрес не контролируется реальными пользователями/LP holders, поэтому прямой broadcast туда невозможен.","В broadcast сумма входит в Strategic SubDAO recipient cosmos146s5j3t7gh2g37ywm47dp8avhesu2htvjjaxq7z55e7xj0rq0k8q5qnjjy; помечена как unresolved contract/LP-holder handling до отдельного решения по underlying holders.","Source is a long Bech32 address consistent with a CosmWasm contract, pool, proxy, or module account. Sending new PHMN to the normalized Cosmos address would not deliver tokens to the underlying users or LP holders.","Previous candidate mechanically normalized this source to a Cosmos address; corrected candidate quarantines it because it is not a normal user-controlled account.","contract_or_module_account,long_bech32_source,requires_underlying_holder_resolution","juno_contract_or_module_account","Included in total PHMN cap accounting but not directly broadcast to the normalized Cosmos address."
"osmo","osmo1mfg3m5ht0xs4rtklsy9f4gaxzl03ng9wxhlvad8576cf2x3yt4ks23gg6k","cosmos1mfg3m5ht0xs4rtklsy9f4gaxzl03ng9wxhlvad8576cf2x3yt4kslvssds","97328","0.097328","no","quarantined_contract_or_module_account","strategic_subdao_unresolved_contract_holder_handling","cosmos146s5j3t7gh2g37ywm47dp8avhesu2htvjjaxq7z55e7xj0rq0k8q5qnjjy","Старый PHMN лежит на contract/module/pool/proxy адресе. Механически пересчитанный cosmos-адрес не контролируется реальными пользователями/LP holders, поэтому прямой broadcast туда невозможен.","В broadcast сумма входит в Strategic SubDAO recipient cosmos146s5j3t7gh2g37ywm47dp8avhesu2htvjjaxq7z55e7xj0rq0k8q5qnjjy; помечена как unresolved contract/LP-holder handling до отдельного решения по underlying holders.","Source is a long Bech32 address consistent with a CosmWasm contract, pool, proxy, or module account. Sending new PHMN to the normalized Cosmos address would not deliver tokens to the underlying users or LP holders.","Previous candidate mechanically normalized this source to a Cosmos address; corrected candidate quarantines it because it is not a normal user-controlled account.","contract_or_module_account,long_bech32_source,requires_underlying_holder_resolution","osmo_contract_or_module_account","Included in total PHMN cap accounting but not directly broadcast to the normalized Cosmos address."
"osmo","osmo10e85vwxj4enr7x3yj2adl8hwh6ec2q46ukawh390lsdvlehygz2s6yhu48","cosmos10e85vwxj4enr7x3yj2adl8hwh6ec2q46ukawh390lsdvlehygz2s0e0yzp","63460","0.063460","no","quarantined_contract_or_module_account","strategic_subdao_unresolved_contract_holder_handling","cosmos146s5j3t7gh2g37ywm47dp8avhesu2htvjjaxq7z55e7xj0rq0k8q5qnjjy","Старый PHMN лежит на contract/module/pool/proxy адресе. Механически пересчитанный cosmos-адрес не контролируется реальными пользователями/LP holders, поэтому прямой broadcast туда невозможен.","В broadcast сумма входит в Strategic SubDAO recipient cosmos146s5j3t7gh2g37ywm47dp8avhesu2htvjjaxq7z55e7xj0rq0k8q5qnjjy; помечена как unresolved contract/LP-holder handling до отдельного решения по underlying holders.","Source is a long Bech32 address consistent with a CosmWasm contract, pool, proxy, or module account. Sending new PHMN to the normalized Cosmos address would not deliver tokens to the underlying users or LP holders.","Previous candidate mechanically normalized this source to a Cosmos address; corrected candidate quarantines it because it is not a normal user-controlled account.","contract_or_module_account,long_bech32_source,requires_underlying_holder_resolution","osmo_contract_or_module_account","Included in total PHMN cap accounting but not directly broadcast to the normalized Cosmos address."
"juno","juno1xaavrkensv364s44a5rvcx5h2ehvwuldg56d5wutykgxzz36ls8s7yg2ar","cosmos1xaavrkensv364s44a5rvcx5h2ehvwuldg56d5wutykgxzz36ls8sap0e28","29447","0.029447","no","quarantined_contract_or_module_account","strategic_subdao_unresolved_contract_holder_handling","cosmos146s5j3t7gh2g37ywm47dp8avhesu2htvjjaxq7z55e7xj0rq0k8q5qnjjy","Старый PHMN лежит на contract/module/pool/proxy адресе. Механически пересчитанный cosmos-адрес не контролируется реальными пользователями/LP holders, поэтому прямой broadcast туда невозможен.","В broadcast сумма входит в Strategic SubDAO recipient cosmos146s5j3t7gh2g37ywm47dp8avhesu2htvjjaxq7z55e7xj0rq0k8q5qnjjy; помечена как unresolved contract/LP-holder handling до отдельного решения по underlying holders.","Source is a long Bech32 address consistent with a CosmWasm contract, pool, proxy, or module account. Sending new PHMN to the normalized Cosmos address would not deliver tokens to the underlying users or LP holders.","Previous candidate mechanically normalized this source to a Cosmos address; corrected candidate quarantines it because it is not a normal user-controlled account.","contract_or_module_account,long_bech32_source,requires_underlying_holder_resolution","juno_contract_or_module_account","Included in total PHMN cap accounting but not directly broadcast to the normalized Cosmos address."
"osmo","osmo1whxvftr26qhtmph7jwqlyphq6urdm9ec54nfwkv5h48kdw6zj52q63egv9","cosmos1whxvftr26qhtmph7jwqlyphq6urdm9ec54nfwkv5h48kdw6zj52q0vpsmr","19829","0.019829","no","quarantined_contract_or_module_account","strategic_subdao_unresolved_contract_holder_handling","cosmos146s5j3t7gh2g37ywm47dp8avhesu2htvjjaxq7z55e7xj0rq0k8q5qnjjy","Старый PHMN лежит на contract/module/pool/proxy адресе. Механически пересчитанный cosmos-адрес не контролируется реальными пользователями/LP holders, поэтому прямой broadcast туда невозможен.","В broadcast сумма входит в Strategic SubDAO recipient cosmos146s5j3t7gh2g37ywm47dp8avhesu2htvjjaxq7z55e7xj0rq0k8q5qnjjy; помечена как unresolved contract/LP-holder handling до отдельного решения по underlying holders.","Source is a long Bech32 address consistent with a CosmWasm contract, pool, proxy, or module account. Sending new PHMN to the normalized Cosmos address would not deliver tokens to the underlying users or LP holders.","Previous candidate mechanically normalized this source to a Cosmos address; corrected candidate quarantines it because it is not a normal user-controlled account.","contract_or_module_account,long_bech32_source,requires_underlying_holder_resolution","osmo_contract_or_module_account","Included in total PHMN cap accounting but not directly broadcast to the normalized Cosmos address."
"osmo","osmo18q4a3ks98rstc4jp603jykjya9zxges3qlmn6ktnls5337taeahsdpss22","cosmos18q4a3ks98rstc4jp603jykjya9zxges3qlmn6ktnls5337taeahscuggav","18781","0.018781","no","quarantined_contract_or_module_account","strategic_subdao_unresolved_contract_holder_handling","cosmos146s5j3t7gh2g37ywm47dp8avhesu2htvjjaxq7z55e7xj0rq0k8q5qnjjy","Старый PHMN лежит на contract/module/pool/proxy адресе. Механически пересчитанный cosmos-адрес не контролируется реальными пользователями/LP holders, поэтому прямой broadcast туда невозможен.","В broadcast сумма входит в Strategic SubDAO recipient cosmos146s5j3t7gh2g37ywm47dp8avhesu2htvjjaxq7z55e7xj0rq0k8q5qnjjy; помечена как unresolved contract/LP-holder handling до отдельного решения по underlying holders.","Source is a long Bech32 address consistent with a CosmWasm contract, pool, proxy, or module account. Sending new PHMN to the normalized Cosmos address would not deliver tokens to the underlying users or LP holders.","Previous candidate mechanically normalized this source to a Cosmos address; corrected candidate quarantines it because it is not a normal user-controlled account.","contract_or_module_account,long_bech32_source,requires_underlying_holder_resolution","osmo_contract_or_module_account","Included in total PHMN cap accounting but not directly broadcast to the normalized Cosmos address."
"osmo","osmo1nqtsw6tx3wzssypd6t33sqldgudqcu00u4t2vymn5kdw82n5mc8susdu4e","cosmos1nqtsw6tx3wzssypd6t33sqldgudqcu00u4t2vymn5kdw82n5mc8sfd4yzl","11203","0.011203","no","quarantined_contract_or_module_account","strategic_subdao_unresolved_contract_holder_handling","cosmos146s5j3t7gh2g37ywm47dp8avhesu2htvjjaxq7z55e7xj0rq0k8q5qnjjy","Старый PHMN лежит на contract/module/pool/proxy адресе. Механически пересчитанный cosmos-адрес не контролируется реальными пользователями/LP holders, поэтому прямой broadcast туда невозможен.","В broadcast сумма входит в Strategic SubDAO recipient cosmos146s5j3t7gh2g37ywm47dp8avhesu2htvjjaxq7z55e7xj0rq0k8q5qnjjy; помечена как unresolved contract/LP-holder handling до отдельного решения по underlying holders.","Source is a long Bech32 address consistent with a CosmWasm contract, pool, proxy, or module account. Sending new PHMN to the normalized Cosmos address would not deliver tokens to the underlying users or LP holders.","Previous candidate mechanically normalized this source to a Cosmos address; corrected candidate quarantines it because it is not a normal user-controlled account.","contract_or_module_account,long_bech32_source,requires_underlying_holder_resolution","osmo_contract_or_module_account","Included in total PHMN cap accounting but not directly broadcast to the normalized Cosmos address."
"juno","juno1766kr7adtefjpyfskzq39nhjuskh6ahs92wf33ek2uj5z9r0stvqce5knq","cosmos1766kr7adtefjpyfskzq39nhjuskh6ahs92wf33ek2uj5z9r0stvqmun9yy","10715","0.010715","no","quarantined_contract_or_module_account","strategic_subdao_unresolved_contract_holder_handling","cosmos146s5j3t7gh2g37ywm47dp8avhesu2htvjjaxq7z55e7xj0rq0k8q5qnjjy","Старый PHMN лежит на contract/module/pool/proxy адресе. Механически пересчитанный cosmos-адрес не контролируется реальными пользователями/LP holders, поэтому прямой broadcast туда невозможен.","В broadcast сумма входит в Strategic SubDAO recipient cosmos146s5j3t7gh2g37ywm47dp8avhesu2htvjjaxq7z55e7xj0rq0k8q5qnjjy; помечена как unresolved contract/LP-holder handling до отдельного решения по underlying holders.","Source is a long Bech32 address consistent with a CosmWasm contract, pool, proxy, or module account. Sending new PHMN to the normalized Cosmos address would not deliver tokens to the underlying users or LP holders.","Previous candidate mechanically normalized this source to a Cosmos address; corrected candidate quarantines it because it is not a normal user-controlled account.","contract_or_module_account,long_bech32_source,requires_underlying_holder_resolution","juno_contract_or_module_account","Included in total PHMN cap accounting but not directly broadcast to the normalized Cosmos address."
"juno","juno1jktfdt5g2d0fguvy8r8pl4gly7wps8phkwy08z6upc4nazkumrwq7lj0vn","cosmos1jktfdt5g2d0fguvy8r8pl4gly7wps8phkwy08z6upc4nazkumrwqa64umh","10001","0.010001","no","quarantined_contract_or_module_account","strategic_subdao_unresolved_contract_holder_handling","cosmos146s5j3t7gh2g37ywm47dp8avhesu2htvjjaxq7z55e7xj0rq0k8q5qnjjy","Старый PHMN лежит на contract/module/pool/proxy адресе. Механически пересчитанный cosmos-адрес не контролируется реальными пользователями/LP holders, поэтому прямой broadcast туда невозможен.","В broadcast сумма входит в Strategic SubDAO recipient cosmos146s5j3t7gh2g37ywm47dp8avhesu2htvjjaxq7z55e7xj0rq0k8q5qnjjy; помечена как unresolved contract/LP-holder handling до отдельного решения по underlying holders.","Source is a long Bech32 address consistent with a CosmWasm contract, pool, proxy, or module account. Sending new PHMN to the normalized Cosmos address would not deliver tokens to the underlying users or LP holders.","Previous candidate mechanically normalized this source to a Cosmos address; corrected candidate quarantines it because it is not a normal user-controlled account.","contract_or_module_account,long_bech32_source,requires_underlying_holder_resolution","juno_contract_or_module_account","Included in total PHMN cap accounting but not directly broadcast to the normalized Cosmos address."
"juno","juno10f909lvf574uczmcqyua3cmfyptjwngv0d5slv0enk8dpacddexs6p54r9","cosmos10f909lvf574uczmcqyua3cmfyptjwngv0d5slv0enk8dpacddexseynx5p","10000","0.010000","no","quarantined_contract_or_module_account","strategic_subdao_unresolved_contract_holder_handling","cosmos146s5j3t7gh2g37ywm47dp8avhesu2htvjjaxq7z55e7xj0rq0k8q5qnjjy","Старый PHMN лежит на contract/module/pool/proxy адресе. Механически пересчитанный cosmos-адрес не контролируется реальными пользователями/LP holders, поэтому прямой broadcast туда невозможен.","В broadcast сумма входит в Strategic SubDAO recipient cosmos146s5j3t7gh2g37ywm47dp8avhesu2htvjjaxq7z55e7xj0rq0k8q5qnjjy; помечена как unresolved contract/LP-holder handling до отдельного решения по underlying holders.","Source is a long Bech32 address consistent with a CosmWasm contract, pool, proxy, or module account. Sending new PHMN to the normalized Cosmos address would not deliver tokens to the underlying users or LP holders.","Previous candidate mechanically normalized this source to a Cosmos address; corrected candidate quarantines it because it is not a normal user-controlled account.","contract_or_module_account,long_bech32_source,requires_underlying_holder_resolution","juno_contract_or_module_account","Included in total PHMN cap accounting but not directly broadcast to the normalized Cosmos address."
"osmo","osmo1ceaqazt45l0wrdsuq3vlxuwkmqlar7vtgqdplkpwtmr6rzrk9rwsltpwys","cosmos1ceaqazt45l0wrdsuq3vlxuwkmqlar7vtgqdplkpwtmr6rzrk9rws2keknk","3735","0.003735","no","quarantined_contract_or_module_account","strategic_subdao_unresolved_contract_holder_handling","cosmos146s5j3t7gh2g37ywm47dp8avhesu2htvjjaxq7z55e7xj0rq0k8q5qnjjy","Старый PHMN лежит на contract/module/pool/proxy адресе. Механически пересчитанный cosmos-адрес не контролируется реальными пользователями/LP holders, поэтому прямой broadcast туда невозможен.","В broadcast сумма входит в Strategic SubDAO recipient cosmos146s5j3t7gh2g37ywm47dp8avhesu2htvjjaxq7z55e7xj0rq0k8q5qnjjy; помечена как unresolved contract/LP-holder handling до отдельного решения по underlying holders.","Source is a long Bech32 address consistent with a CosmWasm contract, pool, proxy, or module account. Sending new PHMN to the normalized Cosmos address would not deliver tokens to the underlying users or LP holders.","Previous candidate mechanically normalized this source to a Cosmos address; corrected candidate quarantines it because it is not a normal user-controlled account.","contract_or_module_account,long_bech32_source,requires_underlying_holder_resolution","osmo_contract_or_module_account","Included in total PHMN cap accounting but not directly broadcast to the normalized Cosmos address."
"osmo","osmo1gz3za2gwfk8dxtej4suf2yhza6e3km52kj3l3nrynulekg5emzqs6qry4m","cosmos1gz3za2gwfk8dxtej4suf2yhza6e3km52kj3l3nrynulekg5emzqs0amuza","2647","0.002647","no","quarantined_contract_or_module_account","strategic_subdao_unresolved_contract_holder_handling","cosmos146s5j3t7gh2g37ywm47dp8avhesu2htvjjaxq7z55e7xj0rq0k8q5qnjjy","Старый PHMN лежит на contract/module/pool/proxy адресе. Механически пересчитанный cosmos-адрес не контролируется реальными пользователями/LP holders, поэтому прямой broadcast туда невозможен.","В broadcast сумма входит в Strategic SubDAO recipient cosmos146s5j3t7gh2g37ywm47dp8avhesu2htvjjaxq7z55e7xj0rq0k8q5qnjjy; помечена как unresolved contract/LP-holder handling до отдельного решения по underlying holders.","Source is a long Bech32 address consistent with a CosmWasm contract, pool, proxy, or module account. Sending new PHMN to the normalized Cosmos address would not deliver tokens to the underlying users or LP holders.","Previous candidate mechanically normalized this source to a Cosmos address; corrected candidate quarantines it because it is not a normal user-controlled account.","contract_or_module_account,long_bech32_source,requires_underlying_holder_resolution","osmo_contract_or_module_account","Included in total PHMN cap accounting but not directly broadcast to the normalized Cosmos address."
"juno","juno12np0vflkrwp0sfy7dvulafqzw6dawle0kuey5kn5dyqmr32q97esn5d40z","cosmos12np0vflkrwp0sfy7dvulafqzw6dawle0kuey5kn5dyqmr32q97ess32xcx","1106","0.001106","no","quarantined_contract_or_module_account","strategic_subdao_unresolved_contract_holder_handling","cosmos146s5j3t7gh2g37ywm47dp8avhesu2htvjjaxq7z55e7xj0rq0k8q5qnjjy","Старый PHMN лежит на contract/module/pool/proxy адресе. Механически пересчитанный cosmos-адрес не контролируется реальными пользователями/LP holders, поэтому прямой broadcast туда невозможен.","В broadcast сумма входит в Strategic SubDAO recipient cosmos146s5j3t7gh2g37ywm47dp8avhesu2htvjjaxq7z55e7xj0rq0k8q5qnjjy; помечена как unresolved contract/LP-holder handling до отдельного решения по underlying holders.","Source is a long Bech32 address consistent with a CosmWasm contract, pool, proxy, or module account. Sending new PHMN to the normalized Cosmos address would not deliver tokens to the underlying users or LP holders.","Previous candidate mechanically normalized this source to a Cosmos address; corrected candidate quarantines it because it is not a normal user-controlled account.","contract_or_module_account,long_bech32_source,requires_underlying_holder_resolution","juno_contract_or_module_account","Included in total PHMN cap accounting but not directly broadcast to the normalized Cosmos address."
"juno","juno15jhm7qkwyzp0gkrzuda8rdjp6eryya7ly20tjr570p7uvnhaktzsx0gz8j","cosmos15jhm7qkwyzp0gkrzuda8rdjp6eryya7ly20tjr570p7uvnhaktzs9203sk","100","0.000100","no","quarantined_contract_or_module_account","strategic_subdao_unresolved_contract_holder_handling","cosmos146s5j3t7gh2g37ywm47dp8avhesu2htvjjaxq7z55e7xj0rq0k8q5qnjjy","Старый PHMN лежит на contract/module/pool/proxy адресе. Механически пересчитанный cosmos-адрес не контролируется реальными пользователями/LP holders, поэтому прямой broadcast туда невозможен.","В broadcast сумма входит в Strategic SubDAO recipient cosmos146s5j3t7gh2g37ywm47dp8avhesu2htvjjaxq7z55e7xj0rq0k8q5qnjjy; помечена как unresolved contract/LP-holder handling до отдельного решения по underlying holders.","Source is a long Bech32 address consistent with a CosmWasm contract, pool, proxy, or module account. Sending new PHMN to the normalized Cosmos address would not deliver tokens to the underlying users or LP holders.","Previous candidate mechanically normalized this source to a Cosmos address; corrected candidate quarantines it because it is not a normal user-controlled account.","contract_or_module_account,long_bech32_source,requires_underlying_holder_resolution","juno_contract_or_module_account","Included in total PHMN cap accounting but not directly broadcast to the normalized Cosmos address."
"juno","juno1qa7vdlm6zgq3radal5sltyl4t4qd32feug9qs50kcxda46q230pqzny48s","cosmos1qa7vdlm6zgq3radal5sltyl4t4qd32feug9qs50kcxda46q230pqpkrxs5","99","0.000099","no","quarantined_contract_or_module_account","strategic_subdao_unresolved_contract_holder_handling","cosmos146s5j3t7gh2g37ywm47dp8avhesu2htvjjaxq7z55e7xj0rq0k8q5qnjjy","Старый PHMN лежит на contract/module/pool/proxy адресе. Механически пересчитанный cosmos-адрес не контролируется реальными пользователями/LP holders, поэтому прямой broadcast туда невозможен.","В broadcast сумма входит в Strategic SubDAO recipient cosmos146s5j3t7gh2g37ywm47dp8avhesu2htvjjaxq7z55e7xj0rq0k8q5qnjjy; помечена как unresolved contract/LP-holder handling до отдельного решения по underlying holders.","Source is a long Bech32 address consistent with a CosmWasm contract, pool, proxy, or module account. Sending new PHMN to the normalized Cosmos address would not deliver tokens to the underlying users or LP holders.","Previous candidate mechanically normalized this source to a Cosmos address; corrected candidate quarantines it because it is not a normal user-controlled account.","contract_or_module_account,long_bech32_source,requires_underlying_holder_resolution","juno_contract_or_module_account","Included in total PHMN cap accounting but not directly broadcast to the normalized Cosmos address."
"osmo","osmo14uv3wltqgz0puwknzaxvugq2nxkrfrj6hw6842j9nfnh5k8tu9nsr7xsxk","cosmos14uv3wltqgz0puwknzaxvugq2nxkrfrj6hw6842j9nfnh5k8tu9nskr7g3s","83","0.000083","no","quarantined_contract_or_module_account","strategic_subdao_unresolved_contract_holder_handling","cosmos146s5j3t7gh2g37ywm47dp8avhesu2htvjjaxq7z55e7xj0rq0k8q5qnjjy","Старый PHMN лежит на contract/module/pool/proxy адресе. Механически пересчитанный cosmos-адрес не контролируется реальными пользователями/LP holders, поэтому прямой broadcast туда невозможен.","В broadcast сумма входит в Strategic SubDAO recipient cosmos146s5j3t7gh2g37ywm47dp8avhesu2htvjjaxq7z55e7xj0rq0k8q5qnjjy; помечена как unresolved contract/LP-holder handling до отдельного решения по underlying holders.","Source is a long Bech32 address consistent with a CosmWasm contract, pool, proxy, or module account. Sending new PHMN to the normalized Cosmos address would not deliver tokens to the underlying users or LP holders.","Previous candidate mechanically normalized this source to a Cosmos address; corrected candidate quarantines it because it is not a normal user-controlled account.","contract_or_module_account,long_bech32_source,requires_underlying_holder_resolution","osmo_contract_or_module_account","Included in total PHMN cap accounting but not directly broadcast to the normalized Cosmos address."
"osmo","osmo12p60pq37ddu5nj3tmqa97hlrsr0k2lvnch2a0q32p0hfuwtqhdas0chx2w","cosmos12p60pq37ddu5nj3tmqa97hlrsr0k2lvnch2a0q32p0hfuwtqhdas6907ag","61","0.000061","no","quarantined_contract_or_module_account","strategic_subdao_unresolved_contract_holder_handling","cosmos146s5j3t7gh2g37ywm47dp8avhesu2htvjjaxq7z55e7xj0rq0k8q5qnjjy","Старый PHMN лежит на contract/module/pool/proxy адресе. Механически пересчитанный cosmos-адрес не контролируется реальными пользователями/LP holders, поэтому прямой broadcast туда невозможен.","В broadcast сумма входит в Strategic SubDAO recipient cosmos146s5j3t7gh2g37ywm47dp8avhesu2htvjjaxq7z55e7xj0rq0k8q5qnjjy; помечена как unresolved contract/LP-holder handling до отдельного решения по underlying holders.","Source is a long Bech32 address consistent with a CosmWasm contract, pool, proxy, or module account. Sending new PHMN to the normalized Cosmos address would not deliver tokens to the underlying users or LP holders.","Previous candidate mechanically normalized this source to a Cosmos address; corrected candidate quarantines it because it is not a normal user-controlled account.","contract_or_module_account,long_bech32_source,requires_underlying_holder_resolution","osmo_contract_or_module_account","Included in total PHMN cap accounting but not directly broadcast to the normalized Cosmos address."
"osmo","osmo1updap2mqkfepyxvhxccsu7s288xmk4yylgms6x3dhqk5gwn4y65sppda5m","cosmos1updap2mqkfepyxvhxccsu7s288xmk4yylgms6x3dhqk5gwn4y65s5u49ra","25","0.000025","no","quarantined_contract_or_module_account","strategic_subdao_unresolved_contract_holder_handling","cosmos146s5j3t7gh2g37ywm47dp8avhesu2htvjjaxq7z55e7xj0rq0k8q5qnjjy","Старый PHMN лежит на contract/module/pool/proxy адресе. Механически пересчитанный cosmos-адрес не контролируется реальными пользователями/LP holders, поэтому прямой broadcast туда невозможен.","В broadcast сумма входит в Strategic SubDAO recipient cosmos146s5j3t7gh2g37ywm47dp8avhesu2htvjjaxq7z55e7xj0rq0k8q5qnjjy; помечена как unresolved contract/LP-holder handling до отдельного решения по underlying holders.","Source is a long Bech32 address consistent with a CosmWasm contract, pool, proxy, or module account. Sending new PHMN to the normalized Cosmos address would not deliver tokens to the underlying users or LP holders.","Previous candidate mechanically normalized this source to a Cosmos address; corrected candidate quarantines it because it is not a normal user-controlled account.","contract_or_module_account,long_bech32_source,requires_underlying_holder_resolution","osmo_contract_or_module_account","Included in total PHMN cap accounting but not directly broadcast to the normalized Cosmos address."
"neutron","neutron1muu00n0ae5z7kwnjfn98naju9p6vrj4msj35netm2ffjqs5wxyts57cwjv","cosmos1muu00n0ae5z7kwnjfn98naju9p6vrj4msj35netm2ffjqs5wxyts43f2v0","17","0.000017","no","quarantined_contract_or_module_account","strategic_subdao_unresolved_contract_holder_handling","cosmos146s5j3t7gh2g37ywm47dp8avhesu2htvjjaxq7z55e7xj0rq0k8q5qnjjy","Старый PHMN лежит на contract/module/pool/proxy адресе. Механически пересчитанный cosmos-адрес не контролируется реальными пользователями/LP holders, поэтому прямой broadcast туда невозможен.","В broadcast сумма входит в Strategic SubDAO recipient cosmos146s5j3t7gh2g37ywm47dp8avhesu2htvjjaxq7z55e7xj0rq0k8q5qnjjy; помечена как unresolved contract/LP-holder handling до отдельного решения по underlying holders.","Source is a long Bech32 address consistent with a CosmWasm contract, pool, proxy, or module account. Sending new PHMN to the normalized Cosmos address would not deliver tokens to the underlying users or LP holders.","Previous candidate mechanically normalized this source to a Cosmos address; corrected candidate quarantines it because it is not a normal user-controlled account.","contract_or_module_account,long_bech32_source,requires_underlying_holder_resolution","neutron_contract_or_module_account","Included in total PHMN cap accounting but not directly broadcast to the normalized Cosmos address."
"osmo","osmo1lmtern6y5ul5ukwtwavngz3glalxeykcw9knpf357ha4878csd9s67y33p","cosmos1lmtern6y5ul5ukwtwavngz3glalxeykcw9knpf357ha4878csd9s0rufx8","11","0.000011","no","quarantined_contract_or_module_account","strategic_subdao_unresolved_contract_holder_handling","cosmos146s5j3t7gh2g37ywm47dp8avhesu2htvjjaxq7z55e7xj0rq0k8q5qnjjy","Старый PHMN лежит на contract/module/pool/proxy адресе. Механически пересчитанный cosmos-адрес не контролируется реальными пользователями/LP holders, поэтому прямой broadcast туда невозможен.","В broadcast сумма входит в Strategic SubDAO recipient cosmos146s5j3t7gh2g37ywm47dp8avhesu2htvjjaxq7z55e7xj0rq0k8q5qnjjy; помечена как unresolved contract/LP-holder handling до отдельного решения по underlying holders.","Source is a long Bech32 address consistent with a CosmWasm contract, pool, proxy, or module account. Sending new PHMN to the normalized Cosmos address would not deliver tokens to the underlying users or LP holders.","Previous candidate mechanically normalized this source to a Cosmos address; corrected candidate quarantines it because it is not a normal user-controlled account.","contract_or_module_account,long_bech32_source,requires_underlying_holder_resolution","osmo_contract_or_module_account","Included in total PHMN cap accounting but not directly broadcast to the normalized Cosmos address."
"osmo","osmo1fvjdymkhg5ze02crqdynuxyq0r9dngye8fnrm2d59gcaef5ehlnqlk2yt0","cosmos1fvjdymkhg5ze02crqdynuxyq0r9dngye8fnrm2d59gcaef5ehlnq2tjuuf","3","0.000003","no","quarantined_contract_or_module_account","strategic_subdao_unresolved_contract_holder_handling","cosmos146s5j3t7gh2g37ywm47dp8avhesu2htvjjaxq7z55e7xj0rq0k8q5qnjjy","Старый PHMN лежит на contract/module/pool/proxy адресе. Механически пересчитанный cosmos-адрес не контролируется реальными пользователями/LP holders, поэтому прямой broadcast туда невозможен.","В broadcast сумма входит в Strategic SubDAO recipient cosmos146s5j3t7gh2g37ywm47dp8avhesu2htvjjaxq7z55e7xj0rq0k8q5qnjjy; помечена как unresolved contract/LP-holder handling до отдельного решения по underlying holders.","Source is a long Bech32 address consistent with a CosmWasm contract, pool, proxy, or module account. Sending new PHMN to the normalized Cosmos address would not deliver tokens to the underlying users or LP holders.","Previous candidate mechanically normalized this source to a Cosmos address; corrected candidate quarantines it because it is not a normal user-controlled account.","contract_or_module_account,long_bech32_source,requires_underlying_holder_resolution","osmo_contract_or_module_account","Included in total PHMN cap accounting but not directly broadcast to the normalized Cosmos address."
"juno","juno1knmfmhuwg4yfzamy4f3trevy3n05vav0srfsx58e8uhvenuqjsjq60qhgv","cosmos1knmfmhuwg4yfzamy4f3trevy3n05vav0srfsx58e8uhvenuqjsjqe28ylg","3","0.000003","no","quarantined_contract_or_module_account","strategic_subdao_unresolved_contract_holder_handling","cosmos146s5j3t7gh2g37ywm47dp8avhesu2htvjjaxq7z55e7xj0rq0k8q5qnjjy","Старый PHMN лежит на contract/module/pool/proxy адресе. Механически пересчитанный cosmos-адрес не контролируется реальными пользователями/LP holders, поэтому прямой broadcast туда невозможен.","В broadcast сумма входит в Strategic SubDAO recipient cosmos146s5j3t7gh2g37ywm47dp8avhesu2htvjjaxq7z55e7xj0rq0k8q5qnjjy; помечена как unresolved contract/LP-holder handling до отдельного решения по underlying holders.","Source is a long Bech32 address consistent with a CosmWasm contract, pool, proxy, or module account. Sending new PHMN to the normalized Cosmos address would not deliver tokens to the underlying users or LP holders.","Previous candidate mechanically normalized this source to a Cosmos address; corrected candidate quarantines it because it is not a normal user-controlled account.","contract_or_module_account,long_bech32_source,requires_underlying_holder_resolution","juno_contract_or_module_account","Included in total PHMN cap accounting but not directly broadcast to the normalized Cosmos address."
"osmo","osmo1lskdgq6pr32dwldrqpkn0q0zeulrjysds2vtuly4x5hfjjjlzsfsy99whq","cosmos1lskdgq6pr32dwldrqpkn0q0zeulrjysds2vtuly4x5hfjjjlzsfs3cakqx","3","0.000003","no","quarantined_contract_or_module_account","strategic_subdao_unresolved_contract_holder_handling","cosmos146s5j3t7gh2g37ywm47dp8avhesu2htvjjaxq7z55e7xj0rq0k8q5qnjjy","Старый PHMN лежит на contract/module/pool/proxy адресе. Механически пересчитанный cosmos-адрес не контролируется реальными пользователями/LP holders, поэтому прямой broadcast туда невозможен.","В broadcast сумма входит в Strategic SubDAO recipient cosmos146s5j3t7gh2g37ywm47dp8avhesu2htvjjaxq7z55e7xj0rq0k8q5qnjjy; помечена как unresolved contract/LP-holder handling до отдельного решения по underlying holders.","Source is a long Bech32 address consistent with a CosmWasm contract, pool, proxy, or module account. Sending new PHMN to the normalized Cosmos address would not deliver tokens to the underlying users or LP holders.","Previous candidate mechanically normalized this source to a Cosmos address; corrected candidate quarantines it because it is not a normal user-controlled account.","contract_or_module_account,long_bech32_source,requires_underlying_holder_resolution","osmo_contract_or_module_account","Included in total PHMN cap accounting but not directly broadcast to the normalized Cosmos address."
"juno","juno1te3lafkrfegkxvu4re4t30nf6w7gn53qjn58e7uuvjwsfe947nlsk2zs8l","cosmos1te3lafkrfegkxvu4re4t30nf6w7gn53qjn58e7uuvjwsfe947nls409rsm","3","0.000003","no","quarantined_contract_or_module_account","strategic_subdao_unresolved_contract_holder_handling","cosmos146s5j3t7gh2g37ywm47dp8avhesu2htvjjaxq7z55e7xj0rq0k8q5qnjjy","Старый PHMN лежит на contract/module/pool/proxy адресе. Механически пересчитанный cosmos-адрес не контролируется реальными пользователями/LP holders, поэтому прямой broadcast туда невозможен.","В broadcast сумма входит в Strategic SubDAO recipient cosmos146s5j3t7gh2g37ywm47dp8avhesu2htvjjaxq7z55e7xj0rq0k8q5qnjjy; помечена как unresolved contract/LP-holder handling до отдельного решения по underlying holders.","Source is a long Bech32 address consistent with a CosmWasm contract, pool, proxy, or module account. Sending new PHMN to the normalized Cosmos address would not deliver tokens to the underlying users or LP holders.","Previous candidate mechanically normalized this source to a Cosmos address; corrected candidate quarantines it because it is not a normal user-controlled account.","contract_or_module_account,long_bech32_source,requires_underlying_holder_resolution","juno_contract_or_module_account","Included in total PHMN cap accounting but not directly broadcast to the normalized Cosmos address."
"osmo","osmo17k3jxwjtsd0ltj7lcgek5uhffvwjef2vn7m50d04769z9gpu4mws8havle","cosmos17k3jxwjtsd0ltj7lcgek5uhffvwjef2vn7m50d04769z9gpu4mwsj295gl","2","0.000002","no","quarantined_contract_or_module_account","strategic_subdao_unresolved_contract_holder_handling","cosmos146s5j3t7gh2g37ywm47dp8avhesu2htvjjaxq7z55e7xj0rq0k8q5qnjjy","Старый PHMN лежит на contract/module/pool/proxy адресе. Механически пересчитанный cosmos-адрес не контролируется реальными пользователями/LP holders, поэтому прямой broadcast туда невозможен.","В broadcast сумма входит в Strategic SubDAO recipient cosmos146s5j3t7gh2g37ywm47dp8avhesu2htvjjaxq7z55e7xj0rq0k8q5qnjjy; помечена как unresolved contract/LP-holder handling до отдельного решения по underlying holders.","Source is a long Bech32 address consistent with a CosmWasm contract, pool, proxy, or module account. Sending new PHMN to the normalized Cosmos address would not deliver tokens to the underlying users or LP holders.","Previous candidate mechanically normalized this source to a Cosmos address; corrected candidate quarantines it because it is not a normal user-controlled account.","contract_or_module_account,long_bech32_source,requires_underlying_holder_resolution","osmo_contract_or_module_account","Included in total PHMN cap accounting but not directly broadcast to the normalized Cosmos address."
"juno","juno14esdy5f9cfj8glfe0g5urepgk8ln3pwew5z4fdwr434lem8xugls9rnkdu","cosmos14esdy5f9cfj8glfe0g5urepgk8ln3pwew5z4fdwr434lem8xuglsxx596c","1","0.000001","no","quarantined_contract_or_module_account","strategic_subdao_unresolved_contract_holder_handling","cosmos146s5j3t7gh2g37ywm47dp8avhesu2htvjjaxq7z55e7xj0rq0k8q5qnjjy","Старый PHMN лежит на contract/module/pool/proxy адресе. Механически пересчитанный cosmos-адрес не контролируется реальными пользователями/LP holders, поэтому прямой broadcast туда невозможен.","В broadcast сумма входит в Strategic SubDAO recipient cosmos146s5j3t7gh2g37ywm47dp8avhesu2htvjjaxq7z55e7xj0rq0k8q5qnjjy; помечена как unresolved contract/LP-holder handling до отдельного решения по underlying holders.","Source is a long Bech32 address consistent with a CosmWasm contract, pool, proxy, or module account. Sending new PHMN to the normalized Cosmos address would not deliver tokens to the underlying users or LP holders.","Previous candidate mechanically normalized this source to a Cosmos address; corrected candidate quarantines it because it is not a normal user-controlled account.","contract_or_module_account,long_bech32_source,requires_underlying_holder_resolution","juno_contract_or_module_account","Included in total PHMN cap accounting but not directly broadcast to the normalized Cosmos address."
"osmo","osmo1vkdakqqg5htq5c3wy2kj2geq536q665xdexrtjuwqckpads2c2nsvhhcyv","cosmos1vkdakqqg5htq5c3wy2kj2geq536q665xdexrtjuwqckpads2c2nse20qn2","1","0.000001","no","quarantined_contract_or_module_account","strategic_subdao_unresolved_contract_holder_handling","cosmos146s5j3t7gh2g37ywm47dp8avhesu2htvjjaxq7z55e7xj0rq0k8q5qnjjy","Старый PHMN лежит на contract/module/pool/proxy адресе. Механически пересчитанный cosmos-адрес не контролируется реальными пользователями/LP holders, поэтому прямой broadcast туда невозможен.","В broadcast сумма входит в Strategic SubDAO recipient cosmos146s5j3t7gh2g37ywm47dp8avhesu2htvjjaxq7z55e7xj0rq0k8q5qnjjy; помечена как unresolved contract/LP-holder handling до отдельного решения по underlying holders.","Source is a long Bech32 address consistent with a CosmWasm contract, pool, proxy, or module account. Sending new PHMN to the normalized Cosmos address would not deliver tokens to the underlying users or LP holders.","Previous candidate mechanically normalized this source to a Cosmos address; corrected candidate quarantines it because it is not a normal user-controlled account.","contract_or_module_account,long_bech32_source,requires_underlying_holder_resolution","osmo_contract_or_module_account","Included in total PHMN cap accounting but not directly broadcast to the normalized Cosmos address."
